<Bugs>
  <!--________________________________________________________________________________________________________________________-->
  <Test Method="Microsoft.Test.UIAutomation.Tests.Patterns.AutomationElementTests.AutomationIdProperty178" TestName="AutomationIdProperty.1.7.8" Pri="Pri1">
    <Steps>
      <Step Step="0">PreCondition: Element must support ControlType property to determine if supporting ControlType is required</Step>
      <Step Step="1">Precondition: Element does not support the WindowPattern, thus is not a window</Step>
      <Step Step="2">Precondition: IsControlElementProperty == true</Step>
      <Step Step="3">Precondition: ControlType != ListItem (known item that does not support AutomationIdProperty)</Step>
      <Step Step="4">Precondition: ControlType != DataItem (known item that does not support AutomationIdProperty)</Step>
      <Step Step="5">Precondition: ControlType != TreeItem (known item that does not support AutomationIdProperty)</Step>
      <Step Step="6">Precondition: ControlType != TabViewItem (known item that does not support AutomationIdProperty)</Step>
      <Step Step="7">Precondition: ControlType != TitleBar (known item that does not support AutomationIdProperty)</Step>
      <Step Step="8">Precondition: Parent's ControlType != ListItem(known item that does not support AutomationIdProperty)</Step>
      <Step Step="9">Precondition: Parent's ControlType != DataItem(known item that does not support AutomationIdProperty)</Step>
      <Step Step="10">Verify: AutomationIdProperty != string.Empty</Step>
      <Step Step="11">Verify: AutomationIdProperty != 0</Step>
    </Steps>
    <FailedStep Step="10">
      <Issue Verification="Check_IsPane">
        <Repro OS="6.2" ClientSideProvider="T" PS="TBD" ControlPath="" Error="10). Verify: AutomationIdProperty != string.Empty" CommandLine="" OSVersion="Microsoft Windows NT 6.2.9200.0" Date="21/10/2020 19:35:15" />
      </Issue>
    </FailedStep>
  </Test>
  <!--________________________________________________________________________________________________________________________-->
  <Test Method="Microsoft.Test.UIAutomation.Tests.Patterns.AutomationElementTests.TestSetFocus1a" TestName="SetFocus.1" Pri="Pri1">
    <Steps>
      <Step Step="0">Precondition: Some controls are not persisted after they loose focus (ie, Floating edit in Excel), don't tests these</Step>
      <Step Step="1">Precondition: Verify that the element is enabled</Step>
      <Step Step="2">Precondition: Verify that the element's IsOffScreen = false</Step>
      <Step Step="3">Precondition: Verify that this control supports SetFocus tests</Step>
      <Step Step="4">Precondition: Verify that the object's IsFocusableProperty == true</Step>
      <Step Step="5">Step: Ensure the AutomationElement does not have focus by calling SetFocus(RANDOM)</Step>
      <Step Step="6">Step: Verify that the AutomationElement's HasKeyboardFocusProperty == false</Step>
      <Step Step="7">Precondition: Verify that the object's IsFocusableProperty is still true</Step>
      <Step Step="8">Step: Add FocusChangedListener event on the AutomationElement</Step>
      <Step Step="9">Step: Call SetFocus(AutomationElement)</Step>
      <Step Step="10">Step: Verify that the element or one of it's children have the focus now</Step>
      <Step Step="11">Step: Wait for events</Step>
      <Step Step="12">Step: Verify that AutomationElement or one of it's children fired the FocusChangeEvent, or if the AutomationElement is a title bar, then the child in the application</Step>
    </Steps>
    <FailedStep Step="10">
      <Issue Verification="Check_IsPane">
        <Repro OS="6.2" ClientSideProvider="T" PS="TBD" ControlPath="" Error="Step 10 : There were no element or its children that had focus" CommandLine="" OSVersion="Microsoft Windows NT 6.2.9200.0" Date="21/10/2020 19:35:22" />
      </Issue>
    </FailedStep>
  </Test>
  <!--________________________________________________________________________________________________________________________-->
  <Test Method="InternalHelper.Tests.ControlObject.TestControlProperties" TestName="TestControlProperties" Pri="Pri2">
    <Steps>
      <Step Step="0">Test the control's properties</Step>
    </Steps>
    <FailedStep Step="0">
      <Issue Verification="Check_IsCheckBox">
        <Repro OS="6.2" ClientSideProvider="T" PS="TBD" ControlPath="Tree(5771188)CheckBox(NULL)" Error="Step 0 : AutomationElement.AutomationIdProperty : IsNullOrEmpty() returned true but should have been a valid string" CommandLine="" OSVersion="Microsoft Windows NT 6.2.9200.0" Date="27/10/2020 18:07:09" />
      </Issue>
    </FailedStep>
  </Test>
</Bugs>